page_title,target_keyword,search_volume,difficulty,slug,page_type,parent,intent,purpose,internal_links
Homepage,lawn care san antonio tx,,, ,homepage,,transactional,Main entry point — targets homeowners and property managers searching for lawn care and junk removal in San Antonio,services|areas|about|contact
Services Hub,lawn care services san antonio,,,services,hub,homepage,transactional,Parent page listing all service offerings to establish topical authority and funnel visitors to specific service pages,services/tree-trimming|services/landscaping|services/haul-off|services/junk-removal|services/emergency-services|areas
Tree Trimming,tree trimming san antonio tx,,,services/tree-trimming,service,services,transactional,Dedicated page for tree trimming and pruning services targeting SA homeowners with large oak and cedar trees,services|services/landscaping|services/emergency-services|areas/san-antonio|areas/helotes|areas/boerne
Landscaping,landscaping services san antonio tx,,,services/landscaping,service,services,transactional,Covers full landscaping design and installation including bed work, edging, mulching, and shrub trimming,services|services/tree-trimming|services/haul-off|areas/san-antonio|areas/alamo-heights|areas/fair-oaks-ranch
Haul Off,haul off service san antonio,,,services/haul-off,service,services,transactional,Green waste and debris haul-off after mowing, trimming, and cleanout jobs targeting customers needing debris removal,services|services/junk-removal|services/landscaping|areas/san-antonio|areas/converse|areas/kirby
Junk Removal,junk removal san antonio tx,,,services/junk-removal,service,services,transactional,Full-service junk and debris removal for homeowners and property managers clearing garages, yards, or entire properties,services|services/haul-off|services/emergency-services|areas/san-antonio|areas/leon-valley|areas/new-braunfels
Emergency Services,emergency lawn care san antonio,,,services/emergency-services,service,services,transactional,Storm cleanup, fallen tree removal, urgent yard clearing — available same-day for homeowners and property managers,services|services/tree-trimming|services/junk-removal|areas/san-antonio|areas/helotes|areas/bulverde
Service Areas Hub,lawn care near me san antonio,,,areas,hub,homepage,transactional,Parent page for all service area pages — signals geographic coverage to Google and funnels local traffic,areas/san-antonio|areas/boerne|areas/helotes|areas/fair-oaks-ranch|areas/alamo-ranch|areas/castroville|areas/medina-lake|areas/bulverde|areas/new-braunfels|areas/converse|areas/kirby|areas/alamo-heights|areas/leon-valley|areas/leon-springs|areas/hollywood-park|areas/timberwood-park|services
San Antonio,lawn care san antonio,,,areas/san-antonio,area,areas,transactional,Primary market page — targets all lawn care and junk removal searches in the city of San Antonio,services/tree-trimming|services/landscaping|services/haul-off|services/junk-removal|services/emergency-services|areas
Boerne,lawn care boerne tx,,,areas/boerne,area,areas,transactional,Service area page targeting Boerne homeowners with large Hill Country lots and cedar/oak management needs,services/tree-trimming|services/landscaping|services/haul-off|services/junk-removal|services/emergency-services|areas
Helotes,lawn care helotes tx,,,areas/helotes,area,areas,transactional,Service area page for Helotes — acreage properties with heavy cedar and live oak requiring regular management,services/tree-trimming|services/landscaping|services/haul-off|services/junk-removal|services/emergency-services|areas
Fair Oaks Ranch,lawn care fair oaks ranch tx,,,areas/fair-oaks-ranch,area,areas,transactional,Premium service area page for Fair Oaks Ranch — upscale equestrian community with high landscaping expectations,services/tree-trimming|services/landscaping|services/haul-off|services/junk-removal|services/emergency-services|areas
Alamo Ranch,lawn care alamo ranch san antonio,,,areas/alamo-ranch,area,areas,transactional,Service area page for the fast-growing Alamo Ranch master-planned community on the far northwest side,services/tree-trimming|services/landscaping|services/haul-off|services/junk-removal|services/emergency-services|areas
Castroville,lawn care castroville tx,,,areas/castroville,area,areas,transactional,Service area page for Castroville — small-town market west of SA with agricultural and residential lot work,services/tree-trimming|services/landscaping|services/haul-off|services/junk-removal|services/emergency-services|areas
Medina Lake,lawn care medina lake tx,,,areas/medina-lake,area,areas,transactional,Service area page for Medina Lake — weekend homes and waterfront properties needing seasonal cleanups,services/tree-trimming|services/landscaping|services/haul-off|services/junk-removal|services/emergency-services|areas
Bulverde,lawn care bulverde tx,,,areas/bulverde,area,areas,transactional,Service area page for Bulverde — rapidly growing suburb with Hill Country lots and cedar management demand,services/tree-trimming|services/landscaping|services/haul-off|services/junk-removal|services/emergency-services|areas
New Braunfels,lawn care new braunfels tx,,,areas/new-braunfels,area,areas,transactional,Service area page for New Braunfels — fast-growing I-35 corridor city with new developments and large residential lots,services/tree-trimming|services/landscaping|services/haul-off|services/junk-removal|services/emergency-services|areas
Converse,lawn care converse tx,,,areas/converse,area,areas,transactional,Service area page for Converse — established military-adjacent community on the east side with dense residential neighborhoods,services/tree-trimming|services/landscaping|services/haul-off|services/junk-removal|services/emergency-services|areas
Kirby,lawn care kirby tx,,,areas/kirby,area,areas,transactional,Service area page for Kirby — small incorporated city surrounded by San Antonio with working-class homeowners,services/tree-trimming|services/landscaping|services/haul-off|services/junk-removal|services/emergency-services|areas
Alamo Heights,lawn care alamo heights tx,,,areas/alamo-heights,area,areas,transactional,Service area page for Alamo Heights — established affluent enclave with mature trees and premium curb appeal expectations,services/tree-trimming|services/landscaping|services/haul-off|services/junk-removal|services/emergency-services|areas
Leon Valley,lawn care leon valley tx,,,areas/leon-valley,area,areas,transactional,Service area page for Leon Valley — mid-size suburb on the northwest side with established post-war homes and older lots,services/tree-trimming|services/landscaping|services/haul-off|services/junk-removal|services/emergency-services|areas
Leon Springs,lawn care leon springs tx,,,areas/leon-springs,area,areas,transactional,Service area page for Leon Springs — semi-rural community near I-10 with large acreage and Hill Country vegetation,services/tree-trimming|services/landscaping|services/haul-off|services/junk-removal|services/emergency-services|areas
Hollywood Park,lawn care hollywood park tx,,,areas/hollywood-park,area,areas,transactional,Service area page for Hollywood Park — small affluent enclave north of SA with large lots and mature landscaping,services/tree-trimming|services/landscaping|services/haul-off|services/junk-removal|services/emergency-services|areas
Timberwood Park,lawn care timberwood park tx,,,areas/timberwood-park,area,areas,transactional,Service area page for Timberwood Park — gated Hill Country community near Boerne with large wooded lots,services/tree-trimming|services/landscaping|services/haul-off|services/junk-removal|services/emergency-services|areas
About,about elite lawn care san antonio,,,about,standard,homepage,informational,Brand story and trust page — explains who Elite is, their values, and why San Antonio homeowners choose them,services|contact|areas
Contact,contact elite lawn care san antonio,,,contact,standard,homepage,transactional,Contact and quote request page with phone numbers, email, and a contact form for free estimate requests,services|areas
